Nombre Localidad;Eje Vial
ANTONIO NARIÑO;TV 29ABIS
ANTONIO NARIÑO;TV 24BBIS
ANTONIO NARIÑO;KR 29C
ANTONIO NARIÑO;KR 29B
ANTONIO NARIÑO;KR 29A
ANTONIO NARIÑO;KR 29
ANTONIO NARIÑO;KR 25
ANTONIO NARIÑO;KR 24F
ANTONIO NARIÑO;KR 24B
ANTONIO NARIÑO;KR 16
ANTONIO NARIÑO;KR 12D
ANTONIO NARIÑO;KR 12BIS
ANTONIO NARIÑO;KR 12
ANTONIO NARIÑO;KR 11A
ANTONIO NARIÑO;CL 22 S
ANTONIO NARIÑO;CL 18 S
ANTONIO NARIÑO;CL 12A S
ANTONIO NARIÑO;CL 5 S
ANTONIO NARIÑO;CL 4 S
BARRIOS UNIDOS;KR 67
BARRIOS UNIDOS;KR 66
BARRIOS UNIDOS;KR 64
BARRIOS UNIDOS;KR 60
BARRIOS UNIDOS;KR 59
BARRIOS UNIDOS;KR 58
BARRIOS UNIDOS;KR 57B
BARRIOS UNIDOS;KR 57
BARRIOS UNIDOS;KR 55BIS
BARRIOS UNIDOS;KR 55
BARRIOS UNIDOS;KR 54
BARRIOS UNIDOS;KR 50B
BARRIOS UNIDOS;KR 47A
BARRIOS UNIDOS;KR 29C
BARRIOS UNIDOS;KR 28A
BARRIOS UNIDOS;KR 27B
BARRIOS UNIDOS;KR 26
BARRIOS UNIDOS;KR 23
BARRIOS UNIDOS;KR 22
BARRIOS UNIDOS;KR 20C
BARRIOS UNIDOS;DG 79B
BARRIOS UNIDOS;DG 76BIS
BARRIOS UNIDOS;CL 98
BARRIOS UNIDOS;CL 94
BARRIOS UNIDOS;CL 93
BARRIOS UNIDOS;CL 86A
BARRIOS UNIDOS;CL 85A
BARRIOS UNIDOS;CL 79
BARRIOS UNIDOS;CL 78
BARRIOS UNIDOS;CL 77
BARRIOS UNIDOS;CL 75B
BARRIOS UNIDOS;CL 75
BARRIOS UNIDOS;CL 74A
BARRIOS UNIDOS;CL 74
BARRIOS UNIDOS;CL 73
BARRIOS UNIDOS;CL 72A
BARRIOS UNIDOS;CL 67B
BARRIOS UNIDOS;CL 67
BARRIOS UNIDOS;CL 66A
BARRIOS UNIDOS;CL 66
BARRIOS UNIDOS;CL 64A
BARRIOS UNIDOS;CL 63DBIS
BARRIOS UNIDOS;CL 63C
BARRIOS UNIDOS;AK 63
BARRIOS UNIDOS;AK 60
BARRIOS UNIDOS;AK 24
BARRIOS UNIDOS;AC 100
BOSA;KR 100
BOSA;KR 97C
BOSA;KR 80K
BOSA;KR 79
BOSA;KR 78G
BOSA;KR 78DBISB
BOSA;KR 78C
BOSA;KR 77M
BOSA;KR 77H
BOSA;DG 69B S
BOSA;CL 73 S
BOSA;CL 71D S
BOSA;CL 71 S
BOSA;CL 70A S
BOSA;CL 65GBISA S
BOSA;CL 65D S
BOSA;CL 65C S
BOSA;CL 65B S
BOSA;CL 65 S
BOSA;CL 63 S
BOSA;CL 56H S
CANDELARIA;KR 6
CANDELARIA;KR 3
CANDELARIA;KR 1
CANDELARIA;CL 12B
CANDELARIA;CL 11
CANDELARIA;CL 9
CANDELARIA;CL 6A
CHAPINERO;TV 4BIS
CHAPINERO;KR 19C
CHAPINERO;KR 19B
CHAPINERO;KR 19A
CHAPINERO;KR 19
CHAPINERO;KR 16A
CHAPINERO;KR 16
CHAPINERO;KR 14
CHAPINERO;KR 13
CHAPINERO;KR 12A
CHAPINERO;KR 12
CHAPINERO;KR 11A
CHAPINERO;KR 10
CHAPINERO;KR 9A
CHAPINERO;KR 9
CHAPINERO;KR 8
CHAPINERO;KR 7A
CHAPINERO;KR 6
CHAPINERO;KR 5
CHAPINERO;KR 4BIS
CHAPINERO;KR 2 E
CHAPINERO;KR 1A
CHAPINERO;DG 38
CHAPINERO;CL 94
CHAPINERO;CL 93A
CHAPINERO;CL 92
CHAPINERO;CL 90
CHAPINERO;CL 86
CHAPINERO;CL 77
CHAPINERO;CL 76
CHAPINERO;CL 74
CHAPINERO;CL 73
CHAPINERO;CL 69A
CHAPINERO;CL 67A
CHAPINERO;CL 66
CHAPINERO;CL 62
CHAPINERO;CL 61
CHAPINERO;CL 55
CHAPINERO;CL 54A
CHAPINERO;CL 54
CHAPINERO;CL 51
CHAPINERO;CL 50
CHAPINERO;CL 49
CHAPINERO;CL 46
CHAPINERO;CL 44
CHAPINERO;CL 43
CHAPINERO;CL 42A
CHAPINERO;CL 42
CHAPINERO;AK 45
CHAPINERO;AK 7
CHAPINERO;AK 3
CHAPINERO;AC 100
CHAPINERO;AC 92
CHAPINERO;AC 63
CIUDAD BOLIVAR;TV 73B
CIUDAD BOLIVAR;TV 15A
CIUDAD BOLIVAR;S.E.
CIUDAD BOLIVAR;KR 77C
CIUDAD BOLIVAR;KR 75
CIUDAD BOLIVAR;KR 40
CIUDAD BOLIVAR;KR 26B
CIUDAD BOLIVAR;KR 23A
CIUDAD BOLIVAR;KR 21
CIUDAD BOLIVAR;KR 20A
CIUDAD BOLIVAR;KR 18L
CIUDAD BOLIVAR;KR 18KBIS
CIUDAD BOLIVAR;KR 17F
CIUDAD BOLIVAR;DG 70UBIS S
CIUDAD BOLIVAR;DG 61A S
CIUDAD BOLIVAR;CL 76 S
CIUDAD BOLIVAR;CL 68B S
CIUDAD BOLIVAR;CL 62 S
CIUDAD BOLIVAR;CL 61D S
CIUDAD BOLIVAR;CL 59B S
ENGATIVA;TV 94
ENGATIVA;TV 78
ENGATIVA;TV 74
ENGATIVA;KR 118BIS
ENGATIVA;KR 118
ENGATIVA;KR 116A
ENGATIVA;KR 115
ENGATIVA;KR 113
ENGATIVA;KR 112F
ENGATIVA;KR 111C
ENGATIVA;KR 111A
ENGATIVA;KR 108A
ENGATIVA;KR 107ABIS
ENGATIVA;KR 99
ENGATIVA;KR 89A
ENGATIVA;KR 87
ENGATIVA;KR 84A
ENGATIVA;KR 81A
ENGATIVA;KR 76
ENGATIVA;KR 74A
ENGATIVA;KR 73A
ENGATIVA;KR 71B
ENGATIVA;KR 71
ENGATIVA;KR 70G
ENGATIVA;KR 69B
ENGATIVA;KR 69A
ENGATIVA;KR 68G
ENGATIVA;DG 91
ENGATIVA;DG 89B
ENGATIVA;DG 89A
ENGATIVA;DG 70A
ENGATIVA;DG 47
ENGATIVA;DG 44
ENGATIVA;CL 91A
ENGATIVA;CL 86BIS
ENGATIVA;CL 86ABIS
ENGATIVA;CL 86A
ENGATIVA;CL 83A
ENGATIVA;CL 81
ENGATIVA;CL 80A
ENGATIVA;CL 80
ENGATIVA;CL 78
ENGATIVA;CL 77A
ENGATIVA;CL 74ABIS
ENGATIVA;CL 72A
ENGATIVA;CL 71A
ENGATIVA;CL 71
ENGATIVA;CL 70DBIS
ENGATIVA;CL 69B
ENGATIVA;CL 69A
ENGATIVA;CL 68C
ENGATIVA;CL 68B
ENGATIVA;CL 68ABIS
ENGATIVA;CL 68
ENGATIVA;CL 67BBISA
ENGATIVA;CL 66
ENGATIVA;AK 86
ENGATIVA;AK 72
ENGATIVA;AK 68
FONTIBON;KR 136A
FONTIBON;KR 135
FONTIBON;KR 123
FONTIBON;KR 113
FONTIBON;KR 111A
FONTIBON;KR 111
FONTIBON;KR 107
FONTIBON;KR 106
FONTIBON;KR 104
FONTIBON;KR 100
FONTIBON;KR 99
FONTIBON;KR 98
FONTIBON;KR 96G
FONTIBON;KR 96C
FONTIBON;KR 96B
FONTIBON;KR 82
FONTIBON;KR 75
FONTIBON;DG 16
FONTIBON;CLL 23H BIS
FONTIBON;CL 25B
FONTIBON;CL 23A
FONTIBON;CL 22D
FONTIBON;CL 20B
FONTIBON;CL 20A
FONTIBON;CL 17F
FONTIBON;CL 17
FONTIBON;CL 16H
FONTIBON;CL 15CBIS
FONTIBON;AK 72
FONTIBON;AK 70
FONTIBON;AK 68D
FONTIBON;AC 24
FONTIBON;AC 17
KENNEDY;TV 80G
KENNEDY;TV 78J
KENNEDY;TV 78HBISA
KENNEDY;TV 78HBIS
KENNEDY;TV 78H
KENNEDY;TV 78B
KENNEDY;TV 78
KENNEDY;TV 73ABISA
KENNEDY;TV 71B
KENNEDY;KR 98
KENNEDY;KR 87A
KENNEDY;KR 87
KENNEDY;KR 86F
KENNEDY;KR 81D
KENNEDY;KR 81C
KENNEDY;KR 81A
KENNEDY;KR 80H
KENNEDY;KR 79C
KENNEDY;KR 79A
KENNEDY;KR 79
KENNEDY;KR 78FBIS
KENNEDY;KR 78F
KENNEDY;KR 78BIS
KENNEDY;KR 78A
KENNEDY;KR 78
KENNEDY;KR 77Q
KENNEDY;KR 77
KENNEDY;KR 73C
KENNEDY;KR 73BBISA
KENNEDY;KR 73B
KENNEDY;KR 73A
KENNEDY;KR 73
KENNEDY;KR 72R
KENNEDY;KR 72Q
KENNEDY;KR 72N
KENNEDY;KR 72MBIS
KENNEDY;KR 72M BIS
KENNEDY;KR 72M
KENNEDY;KR 72L
KENNEDY;KR 72B
KENNEDY;KR 71A
KENNEDY;KR 69C
KENNEDY;KR 69B
KENNEDY;KR 68I
KENNEDY;KR 68GBIS
KENNEDY;KR 68FBIS
KENNEDY;KR 68C
KENNEDY;DG 40C S
KENNEDY;DG 37 S
KENNEDY;CL 45 S
KENNEDY;CL 44 S
KENNEDY;CL 43A S
KENNEDY;CL 42 S
KENNEDY;CL 41G S
KENNEDY;CL 41F S
KENNEDY;CL 41 S
KENNEDY;CL 40F S
KENNEDY;CL 40D S
KENNEDY;CL 40C S
KENNEDY;CL 39F S
KENNEDY;CL 39 S
KENNEDY;CL 38F S
KENNEDY;CL 38C S
KENNEDY;CL 38A S
KENNEDY;CL 38 S
KENNEDY;CL 37C S
KENNEDY;CL 37B S
KENNEDY;CL 37 S
KENNEDY;CL 36 S
KENNEDY;CL 35B S
KENNEDY;CL 35A S
KENNEDY;CL 35 S
KENNEDY;CL 34 S
KENNEDY;CL 31 S
KENNEDY;CL 25 S
KENNEDY;CL 24A S
KENNEDY;CL 12A
KENNEDY;CL 10B
KENNEDY;CL 10
KENNEDY;CL 8BBIS
KENNEDY;CL 7ABIS
KENNEDY;CL 7A
KENNEDY;CL 6D
KENNEDY;CL 6BIS
KENNEDY;CL 6BBIS
KENNEDY;CL 6B
KENNEDY;CL 6A
KENNEDY;CL 2A S
KENNEDY;CL 1 S
KENNEDY;AK 80
KENNEDY;AC 43  S
KENNEDY;AC 26 S
KENNEDY;AC 3
LOS MARTIRES;KR 16
LOS MARTIRES;DG 2A
MARTIRES;KR 29B
MARTIRES;KR 29
MARTIRES;KR 26
MARTIRES;KR 25ABIS
MARTIRES;KR 25
MARTIRES;KR 24
MARTIRES;KR 23A
MARTIRES;KR 19BBIS
MARTIRES;KR 19A
MARTIRES;KR 18C
MARTIRES;KR 18
MARTIRES;KR 17
MARTIRES;KR 16
MARTIRES;KR 15
MARTIRES;DG 22BBIS
MARTIRES;CL 23A
MARTIRES;CL 23
MARTIRES;CL 18
MARTIRES;CL 12
MARTIRES;CL 11
MARTIRES;CL 5A
MARTIRES;CL 3
MARTIRES;CL 1G
MARTIRES;CL 1FBIS
MARTIRES;CL 1F
MARTIRES;CL 1D
MARTIRES;AC 25
PUENTE ARANDA;TV 53
PUENTE ARANDA;KR 67
PUENTE ARANDA;KR 65
PUENTE ARANDA;KR 63
PUENTE ARANDA;KR 60
PUENTE ARANDA;KR 59
PUENTE ARANDA;KR 56A
PUENTE ARANDA;KR 54
PUENTE ARANDA;KR 53DBIS
PUENTE ARANDA;KR 53D
PUENTE ARANDA;KR 53CBIS
PUENTE ARANDA;KR 53
PUENTE ARANDA;KR 52C
PUENTE ARANDA;KR 52B
PUENTE ARANDA;KR 52A
PUENTE ARANDA;KR 52
PUENTE ARANDA;KR 51F
PUENTE ARANDA;KR 51D
PUENTE ARANDA;KR 51
PUENTE ARANDA;KR 50B
PUENTE ARANDA;KR 50A
PUENTE ARANDA;KR 42
PUENTE ARANDA;KR 41B
PUENTE ARANDA;KR 41A
PUENTE ARANDA;KR 41 A
PUENTE ARANDA;KR 40C
PUENTE ARANDA;KR 39
PUENTE ARANDA;KR 38B
PUENTE ARANDA;KR 38
PUENTE ARANDA;KR 34
PUENTE ARANDA;DG 41 S
PUENTE ARANDA;DG 39 S
PUENTE ARANDA;DG 16 S
PUENTE ARANDA;CL 39 S
PUENTE ARANDA;CL 38 A S
PUENTE ARANDA;CL 37S
PUENTE ARANDA;CL 37A S
PUENTE ARANDA;CL 37 S
PUENTE ARANDA;CL 31 S
PUENTE ARANDA;CL 30 S
PUENTE ARANDA;CL 29A S
PUENTE ARANDA;CL 28 S
PUENTE ARANDA;CL 27B S
PUENTE ARANDA;CL 5B
PUENTE ARANDA;CL 5A
PUENTE ARANDA;CL 4D
PUENTE ARANDA;CL 4A
PUENTE ARANDA;CL 4
PUENTE ARANDA;CL 2A
PUENTE ARANDA;CL 2
PUENTE ARANDA;AK 68
PUENTE ARANDA;AC 23
PUENTE ARANDA;AC 20
PUENTE ARANDA;AC 13
PUENTE ARANDA;AC 8 S
PUENTE ARANDA;AC 3
RAFAEL URIBE URIBE;TV 26A
RAFAEL URIBE URIBE;TV 13J
RAFAEL URIBE URIBE;TV 13H
RAFAEL URIBE URIBE;TV 13B
RAFAEL URIBE URIBE;TV 10D
RAFAEL URIBE URIBE;KR 29
RAFAEL URIBE URIBE;KR 26D
RAFAEL URIBE URIBE;KR 25A
RAFAEL URIBE URIBE;KR 23
RAFAEL URIBE URIBE;KR 19B
RAFAEL URIBE URIBE;KR 13H
RAFAEL URIBE URIBE;KR 13A
RAFAEL URIBE URIBE;KR 12I
RAFAEL URIBE URIBE;KR 12FBIS
RAFAEL URIBE URIBE;KR 12F
RAFAEL URIBE URIBE;KR 12B
RAFAEL URIBE URIBE;KR 11A
RAFAEL URIBE URIBE;KR 10A
RAFAEL URIBE URIBE;KR 10
RAFAEL URIBE URIBE;KR 6B
RAFAEL URIBE URIBE;KR 5C
RAFAEL URIBE URIBE;DG 59F S
RAFAEL URIBE URIBE;DG 53 S
RAFAEL URIBE URIBE;DG 45G S
RAFAEL URIBE URIBE;DG 45A S
RAFAEL URIBE URIBE;DG 44B S
RAFAEL URIBE URIBE;DG 42C S
RAFAEL URIBE URIBE;CL 53 S
RAFAEL URIBE URIBE;CL 46 S
RAFAEL URIBE URIBE;CL 42 S
RAFAEL URIBE URIBE;CL 40A S
RAFAEL URIBE URIBE;CL 36B S
RAFAEL URIBE URIBE;CL 36 S
RAFAEL URIBE URIBE;CL 35B S
RAFAEL URIBE URIBE;CL 35A S
RAFAEL URIBE URIBE;CL 35 S
RAFAEL URIBE URIBE;CL 32 S
RAFAEL URIBE URIBE;CL 31BIS S
RAFAEL URIBE URIBE;CL 31 S
RAFAEL URIBE URIBE;CL 29 S
RAFAEL URIBE URIBE;CL 27A S
RAFAEL URIBE URIBE;CL 26B S
RAFAEL URIBE URIBE;CL 26 S
RAFAEL URIBE URIBE;CL 25 S
RAFAEL URIBE URIBE;CL 24 S
RAFAEL URIBE URIBE;CL 22B S
SAN CRISTOBAL;KR 14H E
SAN CRISTOBAL;KR 14 E
SAN CRISTOBAL;KR 9A E
SAN CRISTOBAL;KR 8
SAN CRISTOBAL;KR 7B
SAN CRISTOBAL;KR 7A
SAN CRISTOBAL;KR 7
SAN CRISTOBAL;CL 57 S
SAN CRISTOBAL;CL 33 S
SAN CRISTOBAL;CL 32 S
SAN CRISTOBAL;CL 25 S
SAN CRISTOBAL;CL 19 S
SAN CRISTOBAL;CL 14 S
SAN CRISTOBAL;CL 10 Sur
SAN CRISTOBAL;CL 10 S
SAN CRISTOBAL;CL 8 S
SAN CRISTOBAL;CL 3BIS S
SANTA FE;TV 5
SANTA FE;KR 13
SANTA FE;KR 10 E
SANTA FE;KR 7
SANTA FE;KR 5
SANTA FE;KR 1
SANTA FE;DG 38
SANTA FE;DG 36
SANTA FE;CL 32
SANTA FE;CL 18
SANTA FE;CL 3BIS
SUBA;TV 54
SUBA;TV 53A
SUBA;KR 145
SUBA;KR 128
SUBA;KR 126A
SUBA;KR 117
SUBA;KR 111BBIS
SUBA;KR 111
SUBA;KR 109B
SUBA;KR 94C
SUBA;KR 93B
SUBA;KR 93
SUBA;KR 92
SUBA;KR 91
SUBA;KR 90
SUBA;KR 89
SUBA;KR 86
SUBA;KR 76
SUBA;KR 70H
SUBA;KR 70G
SUBA;KR 70F
SUBA;KR 70D
SUBA;KR 70B
SUBA;KR 69
SUBA;KR 68B
SUBA;KR 67
SUBA;KR 58C
SUBA;KR 56
SUBA;KR 55C
SUBA;KR 55A
SUBA;KR 54
SUBA;KR 53A
SUBA;KR 52A
SUBA;KR 51A
SUBA;KR 51
SUBA;KR 50
SUBA;KR 49
SUBA;KR 47
SUBA;KR 46A
SUBA;KR 46
SUBA;DG 115A
SUBA;CL 187
SUBA;CL 185
SUBA;CL 176
SUBA;CL 175
SUBA;CL 169
SUBA;CL 166
SUBA;CL 163
SUBA;CL 162
SUBA;CL 159
SUBA;CL 152
SUBA;CL 149
SUBA;CL 147C
SUBA;CL 147
SUBA;CL 146A
SUBA;CL 145A
SUBA;CL 145
SUBA;CL 141
SUBA;CL 140A
SUBA;CL 139
SUBA;CL 137
SUBA;CL 136
SUBA;CL 135
SUBA;CL 134A
SUBA;CL 129F
SUBA;CL 127B
SUBA;CL  124
SUBA;CL 122
SUBA;CL 117D
SUBA;CL 115
SUBA;CL 114
SUBA;CL 112
SUBA;CL 111
SUBA;CL 109
SUBA;CL 108
SUBA;CL 107A
SUBA;CL 104A
SUBA;CL 102A
SUBA;CL 102
SUBA;CL 98BIS
SUBA;CL 98A
SUBA;Cl 98 A
SUBA;CL 95
SUBA;AK 118
SUBA;AK 72
SUBA;AK 68
SUBA;AK 45
TEUSAQUILLO;TV 21BIS
TEUSAQUILLO;TV 19BIS
TEUSAQUILLO;S.E
TEUSAQUILLO;KR 59A
TEUSAQUILLO;KR 59
TEUSAQUILLO;KR 43B
TEUSAQUILLO;KR 38
TEUSAQUILLO;KR 37
TEUSAQUILLO;KR 36A
TEUSAQUILLO;KR 31A
TEUSAQUILLO;KR 29
TEUSAQUILLO;KR 28A
TEUSAQUILLO;KR 27
TEUSAQUILLO;KR 26A
TEUSAQUILLO;KR 26
TEUSAQUILLO;KR 17
TEUSAQUILLO;KR 15BIS
TEUSAQUILLO;KR 15A
TEUSAQUILLO;DG 60
TEUSAQUILLO;DG 53D
TEUSAQUILLO;DG 36 BIS
TEUSAQUILLO;CL 61A
TEUSAQUILLO;CL 59
TEUSAQUILLO;CL 52A
TEUSAQUILLO;CL 50
TEUSAQUILLO;CL 46
TEUSAQUILLO;CL 42
TEUSAQUILLO;CL 39B
TEUSAQUILLO;CL 39A
TEUSAQUILLO;CL 36
TEUSAQUILLO;CL 33
TEUSAQUILLO;CL 31B
TEUSAQUILLO;CL 23A
TEUSAQUILLO;CL 22ABIS
TEUSAQUILLO;AC 57
TEUSAQUILLO;AC 23
TUNJUELITO;KR 31
TUNJUELITO;KR 28
TUNJUELITO;KR 27
TUNJUELITO;KR 26
TUNJUELITO;KR 19A
TUNJUELITO;CL 55A S
TUNJUELITO;CL 55 S
TUNJUELITO;CL 54 S
TUNJUELITO;CL 53A S
TUNJUELITO;CL 52 S
TUNJUELITO;CL 51 S
TUNJUELITO;CL 47B S
USAQUEN;TV 7A
USAQUEN;KR 23
USAQUEN;KR 22
USAQUEN;KR 21
USAQUEN;KR 20
USAQUEN;KR 19
USAQUEN;KR 18C
USAQUEN;KR 18
USAQUEN;KR 17A
USAQUEN;KR 17
USAQUEN;KR 16C
USAQUEN;KR 16
USAQUEN;KR 15B
USAQUEN;KR 15A
USAQUEN;KR 14A
USAQUEN;KR 13A
USAQUEN;KR 13
USAQUEN;KR 12
USAQUEN;KR 11
USAQUEN;KR 10
USAQUEN;KR 9A
USAQUEN;KR 8H
USAQUEN;KR 8G
USAQUEN;KR 8D
USAQUEN;KR 8A
USAQUEN;KR 8
USAQUEN;KR 7F
USAQUEN;KR 7D
USAQUEN;KR 7BBIS
USAQUEN;KR 7B
USAQUEN;KR 7
USAQUEN;KR 3
USAQUEN;DG 170
USAQUEN;CL 184
USAQUEN;CL 168
USAQUEN;CL 166
USAQUEN;CL 164C
USAQUEN;CL 164
USAQUEN;CL 163B
USAQUEN;CL 161A
USAQUEN;CL 161 A
USAQUEN;CL 159
USAQUEN;CL 152A
USAQUEN;CL 152
USAQUEN;CL 150
USAQUEN;CL 146
USAQUEN;CL 145
USAQUEN;CL 144
USAQUEN;CL 140
USAQUEN;CL 137
USAQUEN;CL 134A
USAQUEN;CL 132A
USAQUEN;CL 131
USAQUEN;CL 126
USAQUEN;CL 121
USAQUEN;CL 114
USAQUEN;CL 107A
USAQUEN;CL 106
USAQUEN;CL 105
USAQUEN;CL 104A
USAQUEN;CL 104
USAQUEN;CL 103
USAQUEN;AK 45
USAQUEN;AK 19
USAQUEN;AK 11
USAQUEN;AK 9
USAQUEN;AK 7
USAQUEN;AC 161
USAQUEN;AC 134
USAQUEN;AC 100
USME;KR 8
USME;KR 4
USME;DG 100BBIS S
USME;CL 89 S